action_id,source_agent,entity,issue,recommended_action,priority,expected_impact,confidence
ACT-00001,EDD Breach Alert Agent,AWB2393568624,"EDD already passed, still in transit",Route to NDR Recovery Agent — customer contact for reattempt (push notification + care-team update queued),P1 - Urgent,Proactive customer contact before EDD miss becomes a complaint/RTO,AI_PREDICTED (risk score) + MOCK (message content)
ACT-00002,EDD Breach Alert Agent,AWB3350253098,"EDD already passed, still in transit",Proactive customer outreach + prioritize reattempt slot within 24h; flag to carrier ops (push notification + care-team update queued),P1 - Urgent,Proactive customer contact before EDD miss becomes a complaint/RTO,AI_PREDICTED (risk score) + MOCK (message content)
ACT-00003,EDD Breach Alert Agent,AWB2467911406,"EDD already passed, still in transit",Proactive customer outreach + prioritize reattempt slot within 24h; flag to carrier ops (push notification + care-team update queued),P1 - Urgent,Proactive customer contact before EDD miss becomes a complaint/RTO,AI_PREDICTED (risk score) + MOCK (message content)
ACT-00004,EDD Breach Alert Agent,AWB5717109161,"EDD already passed, still in transit",Route to NDR Recovery Agent — customer contact for reattempt (push notification + care-team update queued),P1 - Urgent,Proactive customer contact before EDD miss becomes a complaint/RTO,AI_PREDICTED (risk score) + MOCK (message content)
ACT-00005,EDD Breach Alert Agent,AWB7452165702,"EDD already passed, still in transit",Route to NDR Recovery Agent — customer contact for reattempt (push notification + care-team update queued),P1 - Urgent,Proactive customer contact before EDD miss becomes a complaint/RTO,AI_PREDICTED (risk score) + MOCK (message content)
ACT-00006,EDD Breach Alert Agent,AWB2701343505,"EDD already passed, still in transit",Send proactive delivery-reminder notification; monitor next scan (push notification + care-team update queued),P1 - Urgent,Proactive customer contact before EDD miss becomes a complaint/RTO,AI_PREDICTED (risk score) + MOCK (message content)
ACT-00007,EDD Breach Alert Agent,AWB8470624119,"EDD already passed, still in transit",Send proactive delivery-reminder notification; monitor next scan (push notification + care-team update queued),P1 - Urgent,Proactive customer contact before EDD miss becomes a complaint/RTO,AI_PREDICTED (risk score) + MOCK (message content)
ACT-00008,EDD Breach Alert Agent,AWB2095365767,"EDD already passed, still in transit",Send proactive delivery-reminder notification; monitor next scan (push notification + care-team update queued),P1 - Urgent,Proactive customer contact before EDD miss becomes a complaint/RTO,AI_PREDICTED (risk score) + MOCK (message content)
ACT-00009,EDD Breach Alert Agent,AWB0573455820,"EDD already passed, still in transit",Route to NDR Recovery Agent — customer contact for reattempt (push notification + care-team update queued),P1 - Urgent,Proactive customer contact before EDD miss becomes a complaint/RTO,AI_PREDICTED (risk score) + MOCK (message content)
ACT-00010,EDD Breach Alert Agent,AWB6145051553,"EDD already passed, still in transit",Send proactive delivery-reminder notification; monitor next scan (push notification + care-team update queued),P1 - Urgent,Proactive customer contact before EDD miss becomes a complaint/RTO,AI_PREDICTED (risk score) + MOCK (message content)
ACT-00011,EDD Breach Alert Agent,AWB7141863622,"EDD already passed, still in transit",Route to NDR Recovery Agent — customer contact for reattempt (push notification + care-team update queued),P1 - Urgent,Proactive customer contact before EDD miss becomes a complaint/RTO,AI_PREDICTED (risk score) + MOCK (message content)
ACT-00012,EDD Breach Alert Agent,AWB3072864852,"EDD already passed, still in transit",Route to NDR Recovery Agent — customer contact for reattempt (push notification + care-team update queued),P1 - Urgent,Proactive customer contact before EDD miss becomes a complaint/RTO,AI_PREDICTED (risk score) + MOCK (message content)
ACT-00013,EDD Breach Alert Agent,AWB2750312338,"EDD already passed, still in transit",Proactive customer outreach + prioritize reattempt slot within 24h; flag to carrier ops (push notification + care-team update queued),P1 - Urgent,Proactive customer contact before EDD miss becomes a complaint/RTO,AI_PREDICTED (risk score) + MOCK (message content)
ACT-00014,EDD Breach Alert Agent,AWB8884540979,"EDD already passed, still in transit",Proactive customer outreach + prioritize reattempt slot within 24h; flag to carrier ops (push notification + care-team update queued),P1 - Urgent,Proactive customer contact before EDD miss becomes a complaint/RTO,AI_PREDICTED (risk score) + MOCK (message content)
ACT-00015,EDD Breach Alert Agent,AWB0642556100,"EDD already passed, still in transit",Proactive customer outreach + prioritize reattempt slot within 24h; flag to carrier ops (push notification + care-team update queued),P1 - Urgent,Proactive customer contact before EDD miss becomes a complaint/RTO,AI_PREDICTED (risk score) + MOCK (message content)
ACT-00016,EDD Breach Alert Agent,AWB8245486139,"EDD already passed, still in transit",Route to NDR Recovery Agent — customer contact for reattempt (push notification + care-team update queued),P1 - Urgent,Proactive customer contact before EDD miss becomes a complaint/RTO,AI_PREDICTED (risk score) + MOCK (message content)
ACT-00017,EDD Breach Alert Agent,AWB3609494420,"EDD already passed, still in transit",Send proactive delivery-reminder notification; monitor next scan (push notification + care-team update queued),P1 - Urgent,Proactive customer contact before EDD miss becomes a complaint/RTO,AI_PREDICTED (risk score) + MOCK (message content)
ACT-00018,Lane Intelligence Agent,West Delhi (National),Lane health 73.6 — Intervention Required,Investigate hub + carrier allocation; prioritize NDR outreach for COD,P1 - Urgent,31 shipments/period at risk,DERIVED (statistical lane scorecard)
ACT-00019,EDD Breach Alert Agent,AWB7050743860,"EDD already passed, still in transit",Route to NDR Recovery Agent — customer contact for reattempt (push notification + care-team update queued),P1 - Urgent,Proactive customer contact before EDD miss becomes a complaint/RTO,AI_PREDICTED (risk score) + MOCK (message content)
ACT-00020,EDD Breach Alert Agent,AWB6659092877,"EDD already passed, still in transit",Send proactive delivery-reminder notification; monitor next scan (push notification + care-team update queued),P1 - Urgent,Proactive customer contact before EDD miss becomes a complaint/RTO,AI_PREDICTED (risk score) + MOCK (message content)
ACT-00021,EDD Breach Alert Agent,AWB9380978674,"EDD already passed, still in transit",Route to NDR Recovery Agent — customer contact for reattempt (push notification + care-team update queued),P1 - Urgent,Proactive customer contact before EDD miss becomes a complaint/RTO,AI_PREDICTED (risk score) + MOCK (message content)
ACT-00022,EDD Breach Alert Agent,AWB0453000790,"EDD already passed, still in transit",Send proactive delivery-reminder notification; monitor next scan (push notification + care-team update queued),P1 - Urgent,Proactive customer contact before EDD miss becomes a complaint/RTO,AI_PREDICTED (risk score) + MOCK (message content)
ACT-00023,EDD Breach Alert Agent,AWB4010765891,"EDD already passed, still in transit",Proactive customer outreach + prioritize reattempt slot within 24h; flag to carrier ops (push notification + care-team update queued),P1 - Urgent,Proactive customer contact before EDD miss becomes a complaint/RTO,AI_PREDICTED (risk score) + MOCK (message content)
ACT-00024,EDD Breach Alert Agent,AWB9110201552,"EDD already passed, still in transit",Proactive customer outreach + prioritize reattempt slot within 24h; flag to carrier ops (push notification + care-team update queued),P1 - Urgent,Proactive customer contact before EDD miss becomes a complaint/RTO,AI_PREDICTED (risk score) + MOCK (message content)
ACT-00025,EDD Breach Alert Agent,AWB7935966647,"EDD already passed, still in transit",Proactive customer outreach + prioritize reattempt slot within 24h; flag to carrier ops (push notification + care-team update queued),P1 - Urgent,Proactive customer contact before EDD miss becomes a complaint/RTO,AI_PREDICTED (risk score) + MOCK (message content)
ACT-00026,EDD Breach Alert Agent,AWB8707769816,"EDD already passed, still in transit",Proactive customer outreach + prioritize reattempt slot within 24h; flag to carrier ops (push notification + care-team update queued),P1 - Urgent,Proactive customer contact before EDD miss becomes a complaint/RTO,AI_PREDICTED (risk score) + MOCK (message content)
ACT-00027,EDD Breach Alert Agent,AWB4715303007,"EDD already passed, still in transit",Route to NDR Recovery Agent — customer contact for reattempt (push notification + care-team update queued),P1 - Urgent,Proactive customer contact before EDD miss becomes a complaint/RTO,AI_PREDICTED (risk score) + MOCK (message content)
ACT-00028,EDD Breach Alert Agent,AWB8407027823,"EDD already passed, still in transit",Proactive customer outreach + prioritize reattempt slot within 24h; flag to carrier ops (push notification + care-team update queued),P1 - Urgent,Proactive customer contact before EDD miss becomes a complaint/RTO,AI_PREDICTED (risk score) + MOCK (message content)
ACT-00029,EDD Breach Alert Agent,AWB8096733662,"EDD already passed, still in transit",Route to NDR Recovery Agent — customer contact for reattempt (push notification + care-team update queued),P1 - Urgent,Proactive customer contact before EDD miss becomes a complaint/RTO,AI_PREDICTED (risk score) + MOCK (message content)
ACT-00030,EDD Breach Alert Agent,AWB3745669029,"EDD already passed, still in transit",Route to NDR Recovery Agent — customer contact for reattempt (push notification + care-team update queued),P1 - Urgent,Proactive customer contact before EDD miss becomes a complaint/RTO,AI_PREDICTED (risk score) + MOCK (message content)
ACT-00031,EDD Breach Alert Agent,AWB5509213274,"EDD already passed, still in transit",Proactive customer outreach + prioritize reattempt slot within 24h; flag to carrier ops (push notification + care-team update queued),P1 - Urgent,Proactive customer contact before EDD miss becomes a complaint/RTO,AI_PREDICTED (risk score) + MOCK (message content)
ACT-00032,EDD Breach Alert Agent,AWB6413576142,"EDD already passed, still in transit",Send proactive delivery-reminder notification; monitor next scan (push notification + care-team update queued),P1 - Urgent,Proactive customer contact before EDD miss becomes a complaint/RTO,AI_PREDICTED (risk score) + MOCK (message content)
ACT-00033,EDD Breach Alert Agent,AWB5311939180,"EDD already passed, still in transit",Send proactive delivery-reminder notification; monitor next scan (push notification + care-team update queued),P1 - Urgent,Proactive customer contact before EDD miss becomes a complaint/RTO,AI_PREDICTED (risk score) + MOCK (message content)
ACT-00034,EDD Breach Alert Agent,AWB3373458943,"EDD already passed, still in transit",Send proactive delivery-reminder notification; monitor next scan (push notification + care-team update queued),P1 - Urgent,Proactive customer contact before EDD miss becomes a complaint/RTO,AI_PREDICTED (risk score) + MOCK (message content)
ACT-00035,EDD Breach Alert Agent,AWB4149653480,"EDD already passed, still in transit",Proactive customer outreach + prioritize reattempt slot within 24h; flag to carrier ops (push notification + care-team update queued),P1 - Urgent,Proactive customer contact before EDD miss becomes a complaint/RTO,AI_PREDICTED (risk score) + MOCK (message content)
ACT-00036,EDD Breach Alert Agent,AWB4542489435,"EDD already passed, still in transit",Proactive customer outreach + prioritize reattempt slot within 24h; flag to carrier ops (push notification + care-team update queued),P1 - Urgent,Proactive customer contact before EDD miss becomes a complaint/RTO,AI_PREDICTED (risk score) + MOCK (message content)
ACT-00037,EDD Breach Alert Agent,AWB9614846756,"EDD already passed, still in transit",Proactive customer outreach + prioritize reattempt slot within 24h; flag to carrier ops (push notification + care-team update queued),P1 - Urgent,Proactive customer contact before EDD miss becomes a complaint/RTO,AI_PREDICTED (risk score) + MOCK (message content)
ACT-00038,EDD Breach Alert Agent,AWB7061030440,"EDD already passed, still in transit",Route to NDR Recovery Agent — customer contact for reattempt (push notification + care-team update queued),P1 - Urgent,Proactive customer contact before EDD miss becomes a complaint/RTO,AI_PREDICTED (risk score) + MOCK (message content)
ACT-00039,EDD Breach Alert Agent,AWB7580581563,"EDD already passed, still in transit",Route to NDR Recovery Agent — customer contact for reattempt (push notification + care-team update queued),P1 - Urgent,Proactive customer contact before EDD miss becomes a complaint/RTO,AI_PREDICTED (risk score) + MOCK (message content)
ACT-00040,EDD Breach Alert Agent,AWB6865065799,"EDD already passed, still in transit",Proactive customer outreach + prioritize reattempt slot within 24h; flag to carrier ops (push notification + care-team update queued),P1 - Urgent,Proactive customer contact before EDD miss becomes a complaint/RTO,AI_PREDICTED (risk score) + MOCK (message content)
ACT-00041,EDD Breach Alert Agent,AWB8297032169,"EDD already passed, still in transit",Send proactive delivery-reminder notification; monitor next scan (push notification + care-team update queued),P1 - Urgent,Proactive customer contact before EDD miss becomes a complaint/RTO,AI_PREDICTED (risk score) + MOCK (message content)
ACT-00042,EDD Breach Alert Agent,AWB5956236445,"EDD already passed, still in transit",Route to NDR Recovery Agent — customer contact for reattempt (push notification + care-team update queued),P1 - Urgent,Proactive customer contact before EDD miss becomes a complaint/RTO,AI_PREDICTED (risk score) + MOCK (message content)
ACT-00043,EDD Breach Alert Agent,AWB0937425335,"EDD already passed, still in transit",Route to NDR Recovery Agent — customer contact for reattempt (push notification + care-team update queued),P1 - Urgent,Proactive customer contact before EDD miss becomes a complaint/RTO,AI_PREDICTED (risk score) + MOCK (message content)
ACT-00044,EDD Breach Alert Agent,AWB4891200702,"EDD already passed, still in transit",Send proactive delivery-reminder notification; monitor next scan (push notification + care-team update queued),P1 - Urgent,Proactive customer contact before EDD miss becomes a complaint/RTO,AI_PREDICTED (risk score) + MOCK (message content)
ACT-00045,EDD Breach Alert Agent,AWB1618803466,"EDD already passed, still in transit",Route to NDR Recovery Agent — customer contact for reattempt (push notification + care-team update queued),P1 - Urgent,Proactive customer contact before EDD miss becomes a complaint/RTO,AI_PREDICTED (risk score) + MOCK (message content)
ACT-00046,EDD Breach Alert Agent,AWB2843583327,"EDD already passed, still in transit",Route to NDR Recovery Agent — customer contact for reattempt (push notification + care-team update queued),P1 - Urgent,Proactive customer contact before EDD miss becomes a complaint/RTO,AI_PREDICTED (risk score) + MOCK (message content)
ACT-00047,EDD Breach Alert Agent,AWB6591670545,"EDD already passed, still in transit",Send proactive delivery-reminder notification; monitor next scan (push notification + care-team update queued),P1 - Urgent,Proactive customer contact before EDD miss becomes a complaint/RTO,AI_PREDICTED (risk score) + MOCK (message content)
ACT-00048,EDD Breach Alert Agent,AWB7111316078,"EDD already passed, still in transit",Send proactive delivery-reminder notification; monitor next scan (push notification + care-team update queued),P1 - Urgent,Proactive customer contact before EDD miss becomes a complaint/RTO,AI_PREDICTED (risk score) + MOCK (message content)
ACT-00049,EDD Breach Alert Agent,AWB1861497372,"EDD already passed, still in transit",Send proactive delivery-reminder notification; monitor next scan (push notification + care-team update queued),P1 - Urgent,Proactive customer contact before EDD miss becomes a complaint/RTO,AI_PREDICTED (risk score) + MOCK (message content)
ACT-00050,EDD Breach Alert Agent,AWB0515568904,"EDD already passed, still in transit",Route to NDR Recovery Agent — customer contact for reattempt (push notification + care-team update queued),P1 - Urgent,Proactive customer contact before EDD miss becomes a complaint/RTO,AI_PREDICTED (risk score) + MOCK (message content)
ACT-00051,EDD Breach Alert Agent,AWB5823018524,"EDD already passed, still in transit",Route to NDR Recovery Agent — customer contact for reattempt (push notification + care-team update queued),P1 - Urgent,Proactive customer contact before EDD miss becomes a complaint/RTO,AI_PREDICTED (risk score) + MOCK (message content)
ACT-00052,EDD Breach Alert Agent,AWB8570293832,"EDD already passed, still in transit",Send proactive delivery-reminder notification; monitor next scan (push notification + care-team update queued),P1 - Urgent,Proactive customer contact before EDD miss becomes a complaint/RTO,AI_PREDICTED (risk score) + MOCK (message content)
ACT-00053,EDD Breach Alert Agent,AWB6868151020,"EDD already passed, still in transit",Send proactive delivery-reminder notification; monitor next scan (push notification + care-team update queued),P1 - Urgent,Proactive customer contact before EDD miss becomes a complaint/RTO,AI_PREDICTED (risk score) + MOCK (message content)
ACT-00054,EDD Breach Alert Agent,AWB2087849839,"EDD already passed, still in transit",Send proactive delivery-reminder notification; monitor next scan (push notification + care-team update queued),P1 - Urgent,Proactive customer contact before EDD miss becomes a complaint/RTO,AI_PREDICTED (risk score) + MOCK (message content)
ACT-00055,EDD Breach Alert Agent,AWB2516080331,"EDD already passed, still in transit",Send proactive delivery-reminder notification; monitor next scan (push notification + care-team update queued),P1 - Urgent,Proactive customer contact before EDD miss becomes a complaint/RTO,AI_PREDICTED (risk score) + MOCK (message content)
ACT-00056,EDD Breach Alert Agent,AWB1351180474,"EDD already passed, still in transit",Route to NDR Recovery Agent — customer contact for reattempt (push notification + care-team update queued),P1 - Urgent,Proactive customer contact before EDD miss becomes a complaint/RTO,AI_PREDICTED (risk score) + MOCK (message content)
ACT-00057,EDD Breach Alert Agent,AWB5158057494,"EDD already passed, still in transit",Route to NDR Recovery Agent — customer contact for reattempt (push notification + care-team update queued),P1 - Urgent,Proactive customer contact before EDD miss becomes a complaint/RTO,AI_PREDICTED (risk score) + MOCK (message content)
ACT-00058,EDD Breach Alert Agent,AWB3924001288,"EDD already passed, still in transit",Route to NDR Recovery Agent — customer contact for reattempt (push notification + care-team update queued),P1 - Urgent,Proactive customer contact before EDD miss becomes a complaint/RTO,AI_PREDICTED (risk score) + MOCK (message content)
ACT-00059,EDD Breach Alert Agent,AWB9032474474,"EDD already passed, still in transit",Proactive customer outreach + prioritize reattempt slot within 24h; flag to carrier ops (push notification + care-team update queued),P1 - Urgent,Proactive customer contact before EDD miss becomes a complaint/RTO,AI_PREDICTED (risk score) + MOCK (message content)
ACT-00060,EDD Breach Alert Agent,AWB6884107613,"EDD already passed, still in transit",Send proactive delivery-reminder notification; monitor next scan (push notification + care-team update queued),P1 - Urgent,Proactive customer contact before EDD miss becomes a complaint/RTO,AI_PREDICTED (risk score) + MOCK (message content)
ACT-00061,EDD Breach Alert Agent,AWB3590856101,"EDD already passed, still in transit",Proactive customer outreach + prioritize reattempt slot within 24h; flag to carrier ops (push notification + care-team update queued),P1 - Urgent,Proactive customer contact before EDD miss becomes a complaint/RTO,AI_PREDICTED (risk score) + MOCK (message content)
ACT-00062,EDD Breach Alert Agent,AWB9330356187,"EDD already passed, still in transit",Proactive customer outreach + prioritize reattempt slot within 24h; flag to carrier ops (push notification + care-team update queued),P1 - Urgent,Proactive customer contact before EDD miss becomes a complaint/RTO,AI_PREDICTED (risk score) + MOCK (message content)
ACT-00063,EDD Breach Alert Agent,AWB4275005241,"EDD already passed, still in transit",Route to NDR Recovery Agent — customer contact for reattempt (push notification + care-team update queued),P1 - Urgent,Proactive customer contact before EDD miss becomes a complaint/RTO,AI_PREDICTED (risk score) + MOCK (message content)
ACT-00064,EDD Breach Alert Agent,AWB4822977678,"EDD already passed, still in transit",Proactive customer outreach + prioritize reattempt slot within 24h; flag to carrier ops (push notification + care-team update queued),P1 - Urgent,Proactive customer contact before EDD miss becomes a complaint/RTO,AI_PREDICTED (risk score) + MOCK (message content)
ACT-00065,EDD Breach Alert Agent,AWB3120369581,"EDD already passed, still in transit",Send proactive delivery-reminder notification; monitor next scan (push notification + care-team update queued),P1 - Urgent,Proactive customer contact before EDD miss becomes a complaint/RTO,AI_PREDICTED (risk score) + MOCK (message content)
ACT-00066,EDD Breach Alert Agent,AWB2502185300,"EDD already passed, still in transit",Send proactive delivery-reminder notification; monitor next scan (push notification + care-team update queued),P1 - Urgent,Proactive customer contact before EDD miss becomes a complaint/RTO,AI_PREDICTED (risk score) + MOCK (message content)
ACT-00067,EDD Breach Alert Agent,AWB3942140167,"EDD already passed, still in transit",Proactive customer outreach + prioritize reattempt slot within 24h; flag to carrier ops (push notification + care-team update queued),P1 - Urgent,Proactive customer contact before EDD miss becomes a complaint/RTO,AI_PREDICTED (risk score) + MOCK (message content)
ACT-00068,EDD Breach Alert Agent,AWB8947942914,"EDD already passed, still in transit",Proactive customer outreach + prioritize reattempt slot within 24h; flag to carrier ops (push notification + care-team update queued),P1 - Urgent,Proactive customer contact before EDD miss becomes a complaint/RTO,AI_PREDICTED (risk score) + MOCK (message content)
ACT-00069,EDD Breach Alert Agent,AWB1878965369,"EDD already passed, still in transit",Proactive customer outreach + prioritize reattempt slot within 24h; flag to carrier ops (push notification + care-team update queued),P1 - Urgent,Proactive customer contact before EDD miss becomes a complaint/RTO,AI_PREDICTED (risk score) + MOCK (message content)
ACT-00070,EDD Breach Alert Agent,AWB1448252483,"EDD already passed, still in transit",Send proactive delivery-reminder notification; monitor next scan (push notification + care-team update queued),P1 - Urgent,Proactive customer contact before EDD miss becomes a complaint/RTO,AI_PREDICTED (risk score) + MOCK (message content)
ACT-00071,EDD Breach Alert Agent,AWB3721046183,"EDD already passed, still in transit",Route to NDR Recovery Agent — customer contact for reattempt (push notification + care-team update queued),P1 - Urgent,Proactive customer contact before EDD miss becomes a complaint/RTO,AI_PREDICTED (risk score) + MOCK (message content)
ACT-00072,EDD Breach Alert Agent,AWB8589206358,"EDD already passed, still in transit",Route to NDR Recovery Agent — customer contact for reattempt (push notification + care-team update queued),P1 - Urgent,Proactive customer contact before EDD miss becomes a complaint/RTO,AI_PREDICTED (risk score) + MOCK (message content)
ACT-00073,EDD Breach Alert Agent,AWB4977372926,"EDD already passed, still in transit",Proactive customer outreach + prioritize reattempt slot within 24h; flag to carrier ops (push notification + care-team update queued),P1 - Urgent,Proactive customer contact before EDD miss becomes a complaint/RTO,AI_PREDICTED (risk score) + MOCK (message content)
ACT-00074,EDD Breach Alert Agent,AWB2547755311,"EDD already passed, still in transit",Send proactive delivery-reminder notification; monitor next scan (push notification + care-team update queued),P1 - Urgent,Proactive customer contact before EDD miss becomes a complaint/RTO,AI_PREDICTED (risk score) + MOCK (message content)
ACT-00075,EDD Breach Alert Agent,AWB7140626207,"EDD already passed, still in transit",Send proactive delivery-reminder notification; monitor next scan (push notification + care-team update queued),P1 - Urgent,Proactive customer contact before EDD miss becomes a complaint/RTO,AI_PREDICTED (risk score) + MOCK (message content)
ACT-00076,EDD Breach Alert Agent,AWB4009048302,"EDD already passed, still in transit",Proactive customer outreach + prioritize reattempt slot within 24h; flag to carrier ops (push notification + care-team update queued),P1 - Urgent,Proactive customer contact before EDD miss becomes a complaint/RTO,AI_PREDICTED (risk score) + MOCK (message content)
ACT-00077,EDD Breach Alert Agent,AWB5524209810,"EDD already passed, still in transit",Send proactive delivery-reminder notification; monitor next scan (push notification + care-team update queued),P1 - Urgent,Proactive customer contact before EDD miss becomes a complaint/RTO,AI_PREDICTED (risk score) + MOCK (message content)
ACT-00078,EDD Breach Alert Agent,AWB9064660561,"EDD already passed, still in transit",Proactive customer outreach + prioritize reattempt slot within 24h; flag to carrier ops (push notification + care-team update queued),P1 - Urgent,Proactive customer contact before EDD miss becomes a complaint/RTO,AI_PREDICTED (risk score) + MOCK (message content)
ACT-00079,EDD Breach Alert Agent,AWB0100127512,"EDD already passed, still in transit",Proactive customer outreach + prioritize reattempt slot within 24h; flag to carrier ops (push notification + care-team update queued),P1 - Urgent,Proactive customer contact before EDD miss becomes a complaint/RTO,AI_PREDICTED (risk score) + MOCK (message content)
ACT-00080,EDD Breach Alert Agent,AWB5452064454,"EDD already passed, still in transit",Proactive customer outreach + prioritize reattempt slot within 24h; flag to carrier ops (push notification + care-team update queued),P1 - Urgent,Proactive customer contact before EDD miss becomes a complaint/RTO,AI_PREDICTED (risk score) + MOCK (message content)
ACT-00081,EDD Breach Alert Agent,AWB9023672846,"EDD already passed, still in transit",Route to NDR Recovery Agent — customer contact for reattempt (push notification + care-team update queued),P1 - Urgent,Proactive customer contact before EDD miss becomes a complaint/RTO,AI_PREDICTED (risk score) + MOCK (message content)
ACT-00082,EDD Breach Alert Agent,AWB3457524407,"EDD already passed, still in transit",Route to NDR Recovery Agent — customer contact for reattempt (push notification + care-team update queued),P1 - Urgent,Proactive customer contact before EDD miss becomes a complaint/RTO,AI_PREDICTED (risk score) + MOCK (message content)
ACT-00083,EDD Breach Alert Agent,AWB5659560139,"EDD already passed, still in transit",Send proactive delivery-reminder notification; monitor next scan (push notification + care-team update queued),P1 - Urgent,Proactive customer contact before EDD miss becomes a complaint/RTO,AI_PREDICTED (risk score) + MOCK (message content)
ACT-00084,EDD Breach Alert Agent,AWB0015575490,"EDD already passed, still in transit",Send proactive delivery-reminder notification; monitor next scan (push notification + care-team update queued),P1 - Urgent,Proactive customer contact before EDD miss becomes a complaint/RTO,AI_PREDICTED (risk score) + MOCK (message content)
ACT-00085,EDD Breach Alert Agent,AWB5233607038,"EDD already passed, still in transit",Route to NDR Recovery Agent — customer contact for reattempt (push notification + care-team update queued),P1 - Urgent,Proactive customer contact before EDD miss becomes a complaint/RTO,AI_PREDICTED (risk score) + MOCK (message content)
ACT-00086,EDD Breach Alert Agent,AWB4881315008,"EDD already passed, still in transit",Send proactive delivery-reminder notification; monitor next scan (push notification + care-team update queued),P1 - Urgent,Proactive customer contact before EDD miss becomes a complaint/RTO,AI_PREDICTED (risk score) + MOCK (message content)
ACT-00087,EDD Breach Alert Agent,AWB5659369892,"EDD already passed, still in transit",Proactive customer outreach + prioritize reattempt slot within 24h; flag to carrier ops (push notification + care-team update queued),P1 - Urgent,Proactive customer contact before EDD miss becomes a complaint/RTO,AI_PREDICTED (risk score) + MOCK (message content)
ACT-00088,EDD Breach Alert Agent,AWB3824143579,"EDD already passed, still in transit",Proactive customer outreach + prioritize reattempt slot within 24h; flag to carrier ops (push notification + care-team update queued),P1 - Urgent,Proactive customer contact before EDD miss becomes a complaint/RTO,AI_PREDICTED (risk score) + MOCK (message content)
ACT-00089,EDD Breach Alert Agent,AWB3844135441,"EDD already passed, still in transit",Send proactive delivery-reminder notification; monitor next scan (push notification + care-team update queued),P1 - Urgent,Proactive customer contact before EDD miss becomes a complaint/RTO,AI_PREDICTED (risk score) + MOCK (message content)
ACT-00090,EDD Breach Alert Agent,AWB1705795524,"EDD already passed, still in transit",Route to NDR Recovery Agent — customer contact for reattempt (push notification + care-team update queued),P1 - Urgent,Proactive customer contact before EDD miss becomes a complaint/RTO,AI_PREDICTED (risk score) + MOCK (message content)
ACT-00091,EDD Breach Alert Agent,AWB3866518975,"EDD already passed, still in transit",Send proactive delivery-reminder notification; monitor next scan (push notification + care-team update queued),P1 - Urgent,Proactive customer contact before EDD miss becomes a complaint/RTO,AI_PREDICTED (risk score) + MOCK (message content)
ACT-00092,EDD Breach Alert Agent,AWB4417426131,"EDD already passed, still in transit",Route to NDR Recovery Agent — customer contact for reattempt (push notification + care-team update queued),P1 - Urgent,Proactive customer contact before EDD miss becomes a complaint/RTO,AI_PREDICTED (risk score) + MOCK (message content)
ACT-00093,EDD Breach Alert Agent,AWB6249891275,"EDD already passed, still in transit",Proactive customer outreach + prioritize reattempt slot within 24h; flag to carrier ops (push notification + care-team update queued),P1 - Urgent,Proactive customer contact before EDD miss becomes a complaint/RTO,AI_PREDICTED (risk score) + MOCK (message content)
ACT-00094,EDD Breach Alert Agent,AWB7131187438,"EDD already passed, still in transit",Send proactive delivery-reminder notification; monitor next scan (push notification + care-team update queued),P1 - Urgent,Proactive customer contact before EDD miss becomes a complaint/RTO,AI_PREDICTED (risk score) + MOCK (message content)
ACT-00095,EDD Breach Alert Agent,AWB9475085132,"EDD already passed, still in transit",Send proactive delivery-reminder notification; monitor next scan (push notification + care-team update queued),P1 - Urgent,Proactive customer contact before EDD miss becomes a complaint/RTO,AI_PREDICTED (risk score) + MOCK (message content)
ACT-00096,EDD Breach Alert Agent,AWB3844837304,"EDD already passed, still in transit",Send proactive delivery-reminder notification; monitor next scan (push notification + care-team update queued),P1 - Urgent,Proactive customer contact before EDD miss becomes a complaint/RTO,AI_PREDICTED (risk score) + MOCK (message content)
ACT-00097,EDD Breach Alert Agent,AWB8234442621,"EDD already passed, still in transit",Send proactive delivery-reminder notification; monitor next scan (push notification + care-team update queued),P1 - Urgent,Proactive customer contact before EDD miss becomes a complaint/RTO,AI_PREDICTED (risk score) + MOCK (message content)
ACT-00098,EDD Breach Alert Agent,AWB7072745916,"EDD already passed, still in transit",Send proactive delivery-reminder notification; monitor next scan (push notification + care-team update queued),P1 - Urgent,Proactive customer contact before EDD miss becomes a complaint/RTO,AI_PREDICTED (risk score) + MOCK (message content)
ACT-00099,EDD Breach Alert Agent,AWB2310088930,"EDD already passed, still in transit",Send proactive delivery-reminder notification; monitor next scan (push notification + care-team update queued),P1 - Urgent,Proactive customer contact before EDD miss becomes a complaint/RTO,AI_PREDICTED (risk score) + MOCK (message content)
ACT-00100,EDD Breach Alert Agent,AWB1122050050,"EDD already passed, still in transit",Send proactive delivery-reminder notification; monitor next scan (push notification + care-team update queued),P1 - Urgent,Proactive customer contact before EDD miss becomes a complaint/RTO,AI_PREDICTED (risk score) + MOCK (message content)
ACT-00101,EDD Breach Alert Agent,AWB6935981870,"EDD already passed, still in transit",Route to NDR Recovery Agent — customer contact for reattempt (push notification + care-team update queued),P1 - Urgent,Proactive customer contact before EDD miss becomes a complaint/RTO,AI_PREDICTED (risk score) + MOCK (message content)
ACT-00102,EDD Breach Alert Agent,AWB7653706713,"EDD already passed, still in transit",Send proactive delivery-reminder notification; monitor next scan (push notification + care-team update queued),P1 - Urgent,Proactive customer contact before EDD miss becomes a complaint/RTO,AI_PREDICTED (risk score) + MOCK (message content)
ACT-00103,EDD Breach Alert Agent,AWB8228448001,"EDD already passed, still in transit",Route to NDR Recovery Agent — customer contact for reattempt (push notification + care-team update queued),P1 - Urgent,Proactive customer contact before EDD miss becomes a complaint/RTO,AI_PREDICTED (risk score) + MOCK (message content)
ACT-00104,EDD Breach Alert Agent,AWB6522179084,"EDD already passed, still in transit",Send proactive delivery-reminder notification; monitor next scan (push notification + care-team update queued),P1 - Urgent,Proactive customer contact before EDD miss becomes a complaint/RTO,AI_PREDICTED (risk score) + MOCK (message content)
ACT-00105,EDD Breach Alert Agent,AWB2400836038,"EDD already passed, still in transit",Route to NDR Recovery Agent — customer contact for reattempt (push notification + care-team update queued),P1 - Urgent,Proactive customer contact before EDD miss becomes a complaint/RTO,AI_PREDICTED (risk score) + MOCK (message content)
ACT-00106,EDD Breach Alert Agent,AWB1173243475,"EDD already passed, still in transit",Send proactive delivery-reminder notification; monitor next scan (push notification + care-team update queued),P1 - Urgent,Proactive customer contact before EDD miss becomes a complaint/RTO,AI_PREDICTED (risk score) + MOCK (message content)
ACT-00107,EDD Breach Alert Agent,AWB4545893455,"EDD already passed, still in transit",Send proactive delivery-reminder notification; monitor next scan (push notification + care-team update queued),P1 - Urgent,Proactive customer contact before EDD miss becomes a complaint/RTO,AI_PREDICTED (risk score) + MOCK (message content)
ACT-00108,EDD Breach Alert Agent,AWB5528583535,"EDD already passed, still in transit",Route to NDR Recovery Agent — customer contact for reattempt (push notification + care-team update queued),P1 - Urgent,Proactive customer contact before EDD miss becomes a complaint/RTO,AI_PREDICTED (risk score) + MOCK (message content)
ACT-00109,EDD Breach Alert Agent,AWB6140677936,"EDD already passed, still in transit",Route to NDR Recovery Agent — customer contact for reattempt (push notification + care-team update queued),P1 - Urgent,Proactive customer contact before EDD miss becomes a complaint/RTO,AI_PREDICTED (risk score) + MOCK (message content)
ACT-00110,EDD Breach Alert Agent,AWB2111518904,"EDD already passed, still in transit",Send proactive delivery-reminder notification; monitor next scan (push notification + care-team update queued),P1 - Urgent,Proactive customer contact before EDD miss becomes a complaint/RTO,AI_PREDICTED (risk score) + MOCK (message content)
ACT-00111,EDD Breach Alert Agent,AWB7387097224,"EDD already passed, still in transit",Route to NDR Recovery Agent — customer contact for reattempt (push notification + care-team update queued),P1 - Urgent,Proactive customer contact before EDD miss becomes a complaint/RTO,AI_PREDICTED (risk score) + MOCK (message content)
ACT-00112,EDD Breach Alert Agent,AWB5467505769,"EDD already passed, still in transit",Route to NDR Recovery Agent — customer contact for reattempt (push notification + care-team update queued),P1 - Urgent,Proactive customer contact before EDD miss becomes a complaint/RTO,AI_PREDICTED (risk score) + MOCK (message content)
ACT-00113,EDD Breach Alert Agent,AWB8185435538,"EDD already passed, still in transit",Route to NDR Recovery Agent — customer contact for reattempt (push notification + care-team update queued),P1 - Urgent,Proactive customer contact before EDD miss becomes a complaint/RTO,AI_PREDICTED (risk score) + MOCK (message content)
ACT-00114,EDD Breach Alert Agent,AWB9460238042,"EDD already passed, still in transit",Route to NDR Recovery Agent — customer contact for reattempt (push notification + care-team update queued),P1 - Urgent,Proactive customer contact before EDD miss becomes a complaint/RTO,AI_PREDICTED (risk score) + MOCK (message content)
ACT-00115,EDD Breach Alert Agent,AWB2931578398,"EDD already passed, still in transit",Send proactive delivery-reminder notification; monitor next scan (push notification + care-team update queued),P1 - Urgent,Proactive customer contact before EDD miss becomes a complaint/RTO,AI_PREDICTED (risk score) + MOCK (message content)
ACT-00116,EDD Breach Alert Agent,AWB8773575756,"EDD already passed, still in transit",Route to NDR Recovery Agent — customer contact for reattempt (push notification + care-team update queued),P1 - Urgent,Proactive customer contact before EDD miss becomes a complaint/RTO,AI_PREDICTED (risk score) + MOCK (message content)
ACT-00117,EDD Breach Alert Agent,AWB6335221883,"EDD already passed, still in transit",Route to NDR Recovery Agent — customer contact for reattempt (push notification + care-team update queued),P1 - Urgent,Proactive customer contact before EDD miss becomes a complaint/RTO,AI_PREDICTED (risk score) + MOCK (message content)
ACT-00118,EDD Breach Alert Agent,AWB7788594214,"EDD already passed, still in transit",Route to NDR Recovery Agent — customer contact for reattempt (push notification + care-team update queued),P1 - Urgent,Proactive customer contact before EDD miss becomes a complaint/RTO,AI_PREDICTED (risk score) + MOCK (message content)
ACT-00119,EDD Breach Alert Agent,AWB7549259881,"EDD already passed, still in transit",Route to NDR Recovery Agent — customer contact for reattempt (push notification + care-team update queued),P1 - Urgent,Proactive customer contact before EDD miss becomes a complaint/RTO,AI_PREDICTED (risk score) + MOCK (message content)
ACT-00120,EDD Breach Alert Agent,AWB6558298501,"EDD already passed, still in transit",Send proactive delivery-reminder notification; monitor next scan (push notification + care-team update queued),P1 - Urgent,Proactive customer contact before EDD miss becomes a complaint/RTO,AI_PREDICTED (risk score) + MOCK (message content)
ACT-00121,EDD Breach Alert Agent,AWB5024581424,"EDD already passed, still in transit",Send proactive delivery-reminder notification; monitor next scan (push notification + care-team update queued),P1 - Urgent,Proactive customer contact before EDD miss becomes a complaint/RTO,AI_PREDICTED (risk score) + MOCK (message content)
ACT-00122,EDD Breach Alert Agent,AWB6789258310,"EDD already passed, still in transit",Route to NDR Recovery Agent — customer contact for reattempt (push notification + care-team update queued),P1 - Urgent,Proactive customer contact before EDD miss becomes a complaint/RTO,AI_PREDICTED (risk score) + MOCK (message content)
ACT-00123,EDD Breach Alert Agent,AWB5509026798,"EDD already passed, still in transit",Send proactive delivery-reminder notification; monitor next scan (push notification + care-team update queued),P1 - Urgent,Proactive customer contact before EDD miss becomes a complaint/RTO,AI_PREDICTED (risk score) + MOCK (message content)
ACT-00124,EDD Breach Alert Agent,AWB9508474079,"EDD already passed, still in transit",Send proactive delivery-reminder notification; monitor next scan (push notification + care-team update queued),P1 - Urgent,Proactive customer contact before EDD miss becomes a complaint/RTO,AI_PREDICTED (risk score) + MOCK (message content)
ACT-00125,EDD Breach Alert Agent,AWB0892192559,"EDD already passed, still in transit",Send proactive delivery-reminder notification; monitor next scan (push notification + care-team update queued),P1 - Urgent,Proactive customer contact before EDD miss becomes a complaint/RTO,AI_PREDICTED (risk score) + MOCK (message content)
ACT-00126,EDD Breach Alert Agent,AWB5036772027,"EDD already passed, still in transit",Send proactive delivery-reminder notification; monitor next scan (push notification + care-team update queued),P1 - Urgent,Proactive customer contact before EDD miss becomes a complaint/RTO,AI_PREDICTED (risk score) + MOCK (message content)
ACT-00127,EDD Breach Alert Agent,AWB4892827446,"EDD already passed, still in transit",Send proactive delivery-reminder notification; monitor next scan (push notification + care-team update queued),P1 - Urgent,Proactive customer contact before EDD miss becomes a complaint/RTO,AI_PREDICTED (risk score) + MOCK (message content)
ACT-00128,EDD Breach Alert Agent,AWB4657259138,"EDD already passed, still in transit",Send proactive delivery-reminder notification; monitor next scan (push notification + care-team update queued),P1 - Urgent,Proactive customer contact before EDD miss becomes a complaint/RTO,AI_PREDICTED (risk score) + MOCK (message content)
ACT-00129,EDD Breach Alert Agent,AWB0366278303,"EDD already passed, still in transit",Send proactive delivery-reminder notification; monitor next scan (push notification + care-team update queued),P1 - Urgent,Proactive customer contact before EDD miss becomes a complaint/RTO,AI_PREDICTED (risk score) + MOCK (message content)
ACT-00130,EDD Breach Alert Agent,AWB5942056277,"EDD already passed, still in transit",Send proactive delivery-reminder notification; monitor next scan (push notification + care-team update queued),P1 - Urgent,Proactive customer contact before EDD miss becomes a complaint/RTO,AI_PREDICTED (risk score) + MOCK (message content)
ACT-00131,EDD Breach Alert Agent,AWB6862340575,"EDD already passed, still in transit",Route to NDR Recovery Agent — customer contact for reattempt (push notification + care-team update queued),P1 - Urgent,Proactive customer contact before EDD miss becomes a complaint/RTO,AI_PREDICTED (risk score) + MOCK (message content)
ACT-00132,EDD Breach Alert Agent,AWB4803320007,"EDD already passed, still in transit",Send proactive delivery-reminder notification; monitor next scan (push notification + care-team update queued),P1 - Urgent,Proactive customer contact before EDD miss becomes a complaint/RTO,AI_PREDICTED (risk score) + MOCK (message content)
ACT-00133,EDD Breach Alert Agent,AWB4958670026,"EDD already passed, still in transit",Route to NDR Recovery Agent — customer contact for reattempt (push notification + care-team update queued),P1 - Urgent,Proactive customer contact before EDD miss becomes a complaint/RTO,AI_PREDICTED (risk score) + MOCK (message content)
ACT-00134,EDD Breach Alert Agent,AWB4422573849,"EDD already passed, still in transit",Send proactive delivery-reminder notification; monitor next scan (push notification + care-team update queued),P1 - Urgent,Proactive customer contact before EDD miss becomes a complaint/RTO,AI_PREDICTED (risk score) + MOCK (message content)
ACT-00135,EDD Breach Alert Agent,AWB0979682537,"EDD already passed, still in transit",Send proactive delivery-reminder notification; monitor next scan (push notification + care-team update queued),P1 - Urgent,Proactive customer contact before EDD miss becomes a complaint/RTO,AI_PREDICTED (risk score) + MOCK (message content)
ACT-00136,EDD Breach Alert Agent,AWB2231783547,"EDD already passed, still in transit",Send proactive delivery-reminder notification; monitor next scan (push notification + care-team update queued),P1 - Urgent,Proactive customer contact before EDD miss becomes a complaint/RTO,AI_PREDICTED (risk score) + MOCK (message content)
ACT-00137,EDD Breach Alert Agent,AWB8603277191,"High risk, EDD in 0d",Proactive customer outreach + prioritize reattempt slot within 24h; flag to carrier ops (push notification + care-team update queued),P1 - Urgent,Proactive customer contact before EDD miss becomes a complaint/RTO,AI_PREDICTED (risk score) + MOCK (message content)
ACT-00138,EDD Breach Alert Agent,AWB9201484974,"EDD already passed, still in transit",Route to NDR Recovery Agent — customer contact for reattempt (push notification + care-team update queued),P1 - Urgent,Proactive customer contact before EDD miss becomes a complaint/RTO,AI_PREDICTED (risk score) + MOCK (message content)
ACT-00139,EDD Breach Alert Agent,AWB5881106276,"EDD already passed, still in transit",Route to NDR Recovery Agent — customer contact for reattempt (push notification + care-team update queued),P1 - Urgent,Proactive customer contact before EDD miss becomes a complaint/RTO,AI_PREDICTED (risk score) + MOCK (message content)
ACT-00140,EDD Breach Alert Agent,AWB4656798674,"EDD already passed, still in transit",Proactive customer outreach + prioritize reattempt slot within 24h; flag to carrier ops (push notification + care-team update queued),P1 - Urgent,Proactive customer contact before EDD miss becomes a complaint/RTO,AI_PREDICTED (risk score) + MOCK (message content)
ACT-00141,EDD Breach Alert Agent,AWB6894977557,"EDD already passed, still in transit",Route to NDR Recovery Agent — customer contact for reattempt (push notification + care-team update queued),P1 - Urgent,Proactive customer contact before EDD miss becomes a complaint/RTO,AI_PREDICTED (risk score) + MOCK (message content)
ACT-00142,EDD Breach Alert Agent,AWB0176014761,"EDD already passed, still in transit",Route to NDR Recovery Agent — customer contact for reattempt (push notification + care-team update queued),P1 - Urgent,Proactive customer contact before EDD miss becomes a complaint/RTO,AI_PREDICTED (risk score) + MOCK (message content)
ACT-00143,EDD Breach Alert Agent,AWB0778265159,"EDD already passed, still in transit",Proactive customer outreach + prioritize reattempt slot within 24h; flag to carrier ops (push notification + care-team update queued),P1 - Urgent,Proactive customer contact before EDD miss becomes a complaint/RTO,AI_PREDICTED (risk score) + MOCK (message content)
ACT-00144,EDD Breach Alert Agent,AWB9995488057,"EDD already passed, still in transit",Send proactive delivery-reminder notification; monitor next scan (push notification + care-team update queued),P1 - Urgent,Proactive customer contact before EDD miss becomes a complaint/RTO,AI_PREDICTED (risk score) + MOCK (message content)
ACT-00145,EDD Breach Alert Agent,AWB2654868565,"EDD already passed, still in transit",Proactive customer outreach + prioritize reattempt slot within 24h; flag to carrier ops (push notification + care-team update queued),P1 - Urgent,Proactive customer contact before EDD miss becomes a complaint/RTO,AI_PREDICTED (risk score) + MOCK (message content)
ACT-00146,EDD Breach Alert Agent,AWB2236338821,"EDD already passed, still in transit",Send proactive delivery-reminder notification; monitor next scan (push notification + care-team update queued),P1 - Urgent,Proactive customer contact before EDD miss becomes a complaint/RTO,AI_PREDICTED (risk score) + MOCK (message content)
ACT-00147,EDD Breach Alert Agent,AWB7740299898,"EDD already passed, still in transit",Send proactive delivery-reminder notification; monitor next scan (push notification + care-team update queued),P1 - Urgent,Proactive customer contact before EDD miss becomes a complaint/RTO,AI_PREDICTED (risk score) + MOCK (message content)
ACT-00148,EDD Breach Alert Agent,AWB3684651120,"EDD already passed, still in transit",Proactive customer outreach + prioritize reattempt slot within 24h; flag to carrier ops (push notification + care-team update queued),P1 - Urgent,Proactive customer contact before EDD miss becomes a complaint/RTO,AI_PREDICTED (risk score) + MOCK (message content)
ACT-00149,EDD Breach Alert Agent,AWB1025590603,"EDD already passed, still in transit",Proactive customer outreach + prioritize reattempt slot within 24h; flag to carrier ops (push notification + care-team update queued),P1 - Urgent,Proactive customer contact before EDD miss becomes a complaint/RTO,AI_PREDICTED (risk score) + MOCK (message content)
ACT-00150,EDD Breach Alert Agent,AWB5519686422,"EDD already passed, still in transit",Route to NDR Recovery Agent — customer contact for reattempt (push notification + care-team update queued),P1 - Urgent,Proactive customer contact before EDD miss becomes a complaint/RTO,AI_PREDICTED (risk score) + MOCK (message content)
ACT-00151,EDD Breach Alert Agent,AWB5620194123,"EDD already passed, still in transit",Route to NDR Recovery Agent — customer contact for reattempt (push notification + care-team update queued),P1 - Urgent,Proactive customer contact before EDD miss becomes a complaint/RTO,AI_PREDICTED (risk score) + MOCK (message content)
ACT-00152,EDD Breach Alert Agent,AWB6920930366,"EDD already passed, still in transit",Send proactive delivery-reminder notification; monitor next scan (push notification + care-team update queued),P1 - Urgent,Proactive customer contact before EDD miss becomes a complaint/RTO,AI_PREDICTED (risk score) + MOCK (message content)
ACT-00153,Lane Intelligence Agent,Thane (Local),Lane health 79.8 — Intervention Required,Investigate hub + carrier allocation; prioritize NDR outreach for COD,P1 - Urgent,49 shipments/period at risk,DERIVED (statistical lane scorecard)
ACT-00154,Lane Intelligence Agent,Jaipur (National),Lane health 79.2 — Intervention Required,Investigate hub + carrier allocation; prioritize NDR outreach for COD,P1 - Urgent,34 shipments/period at risk,DERIVED (statistical lane scorecard)
ACT-00155,Lane Intelligence Agent,Ghaziabad (National),Lane health 77.1 — Intervention Required,Investigate hub + carrier allocation; prioritize NDR outreach for COD,P1 - Urgent,45 shipments/period at risk,DERIVED (statistical lane scorecard)
ACT-00156,Lane Intelligence Agent,Ahmedabad (Metro),Lane health 74.6 — Intervention Required,Investigate hub + carrier allocation; prioritize NDR outreach for COD,P1 - Urgent,28 shipments/period at risk,DERIVED (statistical lane scorecard)
ACT-00157,EDD Breach Alert Agent,AWB2641252229,"EDD already passed, still in transit",Route to NDR Recovery Agent — customer contact for reattempt (push notification + care-team update queued),P1 - Urgent,Proactive customer contact before EDD miss becomes a complaint/RTO,AI_PREDICTED (risk score) + MOCK (message content)
ACT-00158,EDD Breach Alert Agent,AWB5625166410,"EDD already passed, still in transit",Route to NDR Recovery Agent — customer contact for reattempt (push notification + care-team update queued),P1 - Urgent,Proactive customer contact before EDD miss becomes a complaint/RTO,AI_PREDICTED (risk score) + MOCK (message content)
ACT-00159,EDD Breach Alert Agent,AWB7546295233,"EDD already passed, still in transit",Route to NDR Recovery Agent — customer contact for reattempt (push notification + care-team update queued),P1 - Urgent,Proactive customer contact before EDD miss becomes a complaint/RTO,AI_PREDICTED (risk score) + MOCK (message content)
ACT-00160,EDD Breach Alert Agent,AWB0364512370,"EDD already passed, still in transit",Send proactive delivery-reminder notification; monitor next scan (push notification + care-team update queued),P1 - Urgent,Proactive customer contact before EDD miss becomes a complaint/RTO,AI_PREDICTED (risk score) + MOCK (message content)
ACT-00161,EDD Breach Alert Agent,AWB4081481399,"EDD already passed, still in transit",Send proactive delivery-reminder notification; monitor next scan (push notification + care-team update queued),P1 - Urgent,Proactive customer contact before EDD miss becomes a complaint/RTO,AI_PREDICTED (risk score) + MOCK (message content)
ACT-00162,EDD Breach Alert Agent,AWB0277783507,"EDD already passed, still in transit",Route to NDR Recovery Agent — customer contact for reattempt (push notification + care-team update queued),P1 - Urgent,Proactive customer contact before EDD miss becomes a complaint/RTO,AI_PREDICTED (risk score) + MOCK (message content)
ACT-00163,EDD Breach Alert Agent,AWB7406887171,"EDD already passed, still in transit",Send proactive delivery-reminder notification; monitor next scan (push notification + care-team update queued),P1 - Urgent,Proactive customer contact before EDD miss becomes a complaint/RTO,AI_PREDICTED (risk score) + MOCK (message content)
ACT-00164,EDD Breach Alert Agent,AWB4371161116,"EDD already passed, still in transit",Send proactive delivery-reminder notification; monitor next scan (push notification + care-team update queued),P1 - Urgent,Proactive customer contact before EDD miss becomes a complaint/RTO,AI_PREDICTED (risk score) + MOCK (message content)
ACT-00165,EDD Breach Alert Agent,AWB5894429778,"EDD already passed, still in transit",Proactive customer outreach + prioritize reattempt slot within 24h; flag to carrier ops (push notification + care-team update queued),P1 - Urgent,Proactive customer contact before EDD miss becomes a complaint/RTO,AI_PREDICTED (risk score) + MOCK (message content)
ACT-00166,EDD Breach Alert Agent,AWB1121906502,"EDD already passed, still in transit",Proactive customer outreach + prioritize reattempt slot within 24h; flag to carrier ops (push notification + care-team update queued),P1 - Urgent,Proactive customer contact before EDD miss becomes a complaint/RTO,AI_PREDICTED (risk score) + MOCK (message content)
ACT-00167,EDD Breach Alert Agent,AWB1464789862,"EDD already passed, still in transit",Proactive customer outreach + prioritize reattempt slot within 24h; flag to carrier ops (push notification + care-team update queued),P1 - Urgent,Proactive customer contact before EDD miss becomes a complaint/RTO,AI_PREDICTED (risk score) + MOCK (message content)
ACT-00168,EDD Breach Alert Agent,AWB7955148734,"EDD already passed, still in transit",Proactive customer outreach + prioritize reattempt slot within 24h; flag to carrier ops (push notification + care-team update queued),P1 - Urgent,Proactive customer contact before EDD miss becomes a complaint/RTO,AI_PREDICTED (risk score) + MOCK (message content)
ACT-00169,EDD Breach Alert Agent,AWB0588874415,"EDD already passed, still in transit",Send proactive delivery-reminder notification; monitor next scan (push notification + care-team update queued),P1 - Urgent,Proactive customer contact before EDD miss becomes a complaint/RTO,AI_PREDICTED (risk score) + MOCK (message content)
ACT-00170,EDD Breach Alert Agent,AWB0552317185,"EDD already passed, still in transit",Route to NDR Recovery Agent — customer contact for reattempt (push notification + care-team update queued),P1 - Urgent,Proactive customer contact before EDD miss becomes a complaint/RTO,AI_PREDICTED (risk score) + MOCK (message content)
ACT-00171,EDD Breach Alert Agent,AWB4796329640,"EDD already passed, still in transit",Proactive customer outreach + prioritize reattempt slot within 24h; flag to carrier ops (push notification + care-team update queued),P1 - Urgent,Proactive customer contact before EDD miss becomes a complaint/RTO,AI_PREDICTED (risk score) + MOCK (message content)
ACT-00172,COD Remittance Agent,1152 shipments,"Overdue COD remittance, total Rs 1,074,096",Send remittance follow-up to carriers (see cod_remittance_queue.csv),P1 - Urgent,"Recover Rs 1,074,096 working capital",ACTUAL (rule-based trigger)
ACT-00173,EDD Breach Alert Agent,AWB6803819888,"EDD already passed, still in transit",Send proactive delivery-reminder notification; monitor next scan (push notification + care-team update queued),P1 - Urgent,Proactive customer contact before EDD miss becomes a complaint/RTO,AI_PREDICTED (risk score) + MOCK (message content)
ACT-00174,NDR Recovery Agent,AWB7387097224,Active NDR: Phone not reachable,Send SMS/WhatsApp with reattempt slot; try alternate number,P2 - High,Reattempt success probability 50%,"AI_PREDICTED (reason-level fallback, n=161)"
ACT-00175,NDR Recovery Agent,AWB6894977557,Active NDR: Customer not available,Offer delivery-slot rescheduling (customer picks a window),P2 - High,Reattempt success probability 57%,"AI_PREDICTED (reason-level fallback, n=113)"
ACT-00176,NDR Recovery Agent,AWB5519686422,Active NDR: Customer not available,Offer delivery-slot rescheduling (customer picks a window),P2 - High,Reattempt success probability 57%,"AI_PREDICTED (reason-level fallback, n=113)"
ACT-00177,NDR Recovery Agent,AWB4715303007,Active NDR: Customer not available,Offer delivery-slot rescheduling (customer picks a window),P2 - High,Reattempt success probability 57%,"AI_PREDICTED (reason-level fallback, n=113)"
ACT-00178,NDR Recovery Agent,AWB4417426131,Active NDR: Customer not available,Offer delivery-slot rescheduling (customer picks a window),P2 - High,Reattempt success probability 57%,"AI_PREDICTED (reason-level fallback, n=113)"
ACT-00179,NDR Recovery Agent,AWB6862340575,Active NDR: Address issue,Request updated address / landmark from customer,P2 - High,Reattempt success probability 48%,"AI_PREDICTED (reason-level fallback, n=134)"
ACT-00180,NDR Recovery Agent,AWB8228448001,Active NDR: Landmark missing,Send landmark-capture link; call customer for directions,P2 - High,Reattempt success probability 48%,"AI_PREDICTED (reason-level fallback, n=128)"
ACT-00181,NDR Recovery Agent,AWB2400836038,Active NDR: Landmark missing,Send landmark-capture link; call customer for directions,P2 - High,Reattempt success probability 48%,"AI_PREDICTED (reason-level fallback, n=128)"
ACT-00182,NDR Recovery Agent,AWB6789258310,Active NDR: Landmark missing,Send landmark-capture link; call customer for directions,P2 - High,Reattempt success probability 48%,"AI_PREDICTED (reason-level fallback, n=128)"
ACT-00183,NDR Recovery Agent,AWB8185435538,Active NDR: Landmark missing,Send landmark-capture link; call customer for directions,P2 - High,Reattempt success probability 48%,"AI_PREDICTED (reason-level fallback, n=128)"
ACT-00184,NDR Recovery Agent,AWB5956236445,Active NDR: Phone not reachable,Send SMS/WhatsApp with reattempt slot; try alternate number,P2 - High,Reattempt success probability 50%,"AI_PREDICTED (reason-level fallback, n=161)"
ACT-00185,NDR Recovery Agent,AWB0937425335,Active NDR: Phone not reachable,Send SMS/WhatsApp with reattempt slot; try alternate number,P2 - High,Reattempt success probability 50%,"AI_PREDICTED (reason-level fallback, n=161)"
ACT-00186,NDR Recovery Agent,AWB7546295233,Active NDR: Phone not reachable,Send SMS/WhatsApp with reattempt slot; try alternate number,P2 - High,Reattempt success probability 50%,"AI_PREDICTED (reason-level fallback, n=161)"
ACT-00187,NDR Recovery Agent,AWB3721046183,Active NDR: Phone not reachable,Send SMS/WhatsApp with reattempt slot; try alternate number,P2 - High,Reattempt success probability 50%,"AI_PREDICTED (reason-level fallback, n=161)"
ACT-00188,NDR Recovery Agent,AWB6935981870,Active NDR: Landmark missing,Send landmark-capture link; call customer for directions,P2 - High,Reattempt success probability 48%,"AI_PREDICTED (reason-level fallback, n=128)"
ACT-00189,Lane Intelligence Agent,Surat (National),Lane health 82.5 — Deteriorating,Investigate hub + carrier allocation; prioritize NDR outreach for COD,P2 - High,20 shipments/period at risk,DERIVED (statistical lane scorecard)
ACT-00190,Lane Intelligence Agent,K.V.Rangareddy (National),Lane health 82.4 — Deteriorating,Investigate hub + carrier allocation; prioritize NDR outreach for COD,P2 - High,38 shipments/period at risk,DERIVED (statistical lane scorecard)
ACT-00191,Lane Intelligence Agent,North Delhi (National),Lane health 79.5 — Deteriorating,Investigate hub + carrier allocation; prioritize NDR outreach for COD,P2 - High,20 shipments/period at risk,DERIVED (statistical lane scorecard)
ACT-00192,Lane Intelligence Agent,Faridabad (National),Lane health 79.2 — Deteriorating,Investigate hub + carrier allocation; prioritize NDR outreach for COD,P2 - High,25 shipments/period at risk,DERIVED (statistical lane scorecard)
ACT-00193,EDD Risk Agent,AWB9064660561,High EDD-miss risk (64.4%),Proactive customer outreach + prioritize reattempt slot within 24h; flag to carrier ops,P2 - High,Prevents 1 EDD miss / possible RTO,AI_PREDICTED
ACT-00194,EDD Risk Agent,AWB5659369892,High EDD-miss risk (60.1%),Proactive customer outreach + prioritize reattempt slot within 24h; flag to carrier ops,P2 - High,Prevents 1 EDD miss / possible RTO,AI_PREDICTED
ACT-00195,EDD Risk Agent,AWB6249891275,High EDD-miss risk (63.9%),Proactive customer outreach + prioritize reattempt slot within 24h; flag to carrier ops,P2 - High,Prevents 1 EDD miss / possible RTO,AI_PREDICTED
ACT-00196,EDD Risk Agent,AWB3824143579,High EDD-miss risk (66.0%),Proactive customer outreach + prioritize reattempt slot within 24h; flag to carrier ops,P2 - High,Prevents 1 EDD miss / possible RTO,AI_PREDICTED
ACT-00197,EDD Risk Agent,AWB5528583535,High EDD-miss risk (63.9%),Route to NDR Recovery Agent — customer contact for reattempt,P2 - High,Prevents 1 EDD miss / possible RTO,AI_PREDICTED
ACT-00198,EDD Risk Agent,AWB8185435538,High EDD-miss risk (63.5%),Route to NDR Recovery Agent — customer contact for reattempt,P2 - High,Prevents 1 EDD miss / possible RTO,AI_PREDICTED
ACT-00199,EDD Risk Agent,AWB8603277191,High EDD-miss risk (60.4%),Proactive customer outreach + prioritize reattempt slot within 24h; flag to carrier ops,P2 - High,Prevents 1 EDD miss / possible RTO,AI_PREDICTED
ACT-00200,Lane Intelligence Agent,Pune (Metro),Lane health 85.2 — Deteriorating,Investigate hub + carrier allocation; prioritize NDR outreach for COD,P2 - High,69 shipments/period at risk,DERIVED (statistical lane scorecard)
ACT-00201,EDD Risk Agent,AWB5452064454,High EDD-miss risk (62.2%),Proactive customer outreach + prioritize reattempt slot within 24h; flag to carrier ops,P2 - High,Prevents 1 EDD miss / possible RTO,AI_PREDICTED
ACT-00202,EDD Risk Agent,AWB0642556100,High EDD-miss risk (62.4%),Proactive customer outreach + prioritize reattempt slot within 24h; flag to carrier ops,P2 - High,Prevents 1 EDD miss / possible RTO,AI_PREDICTED
ACT-00203,EDD Risk Agent,AWB5519686422,High EDD-miss risk (67.5%),Route to NDR Recovery Agent — customer contact for reattempt,P2 - High,Prevents 1 EDD miss / possible RTO,AI_PREDICTED
ACT-00204,EDD Risk Agent,AWB3684651120,High EDD-miss risk (62.6%),Proactive customer outreach + prioritize reattempt slot within 24h; flag to carrier ops,P2 - High,Prevents 1 EDD miss / possible RTO,AI_PREDICTED
ACT-00205,EDD Risk Agent,AWB2654868565,High EDD-miss risk (61.1%),Proactive customer outreach + prioritize reattempt slot within 24h; flag to carrier ops,P2 - High,Prevents 1 EDD miss / possible RTO,AI_PREDICTED
ACT-00206,EDD Risk Agent,AWB4010765891,High EDD-miss risk (72.9%),Proactive customer outreach + prioritize reattempt slot within 24h; flag to carrier ops,P2 - High,Prevents 1 EDD miss / possible RTO,AI_PREDICTED
ACT-00207,EDD Risk Agent,AWB5509213274,High EDD-miss risk (64.2%),Proactive customer outreach + prioritize reattempt slot within 24h; flag to carrier ops,P2 - High,Prevents 1 EDD miss / possible RTO,AI_PREDICTED
ACT-00208,EDD Risk Agent,AWB9110201552,High EDD-miss risk (60.6%),Proactive customer outreach + prioritize reattempt slot within 24h; flag to carrier ops,P2 - High,Prevents 1 EDD miss / possible RTO,AI_PREDICTED
ACT-00209,EDD Risk Agent,AWB7935966647,High EDD-miss risk (63.5%),Proactive customer outreach + prioritize reattempt slot within 24h; flag to carrier ops,P2 - High,Prevents 1 EDD miss / possible RTO,AI_PREDICTED
ACT-00210,EDD Risk Agent,AWB0778265159,High EDD-miss risk (71.2%),Proactive customer outreach + prioritize reattempt slot within 24h; flag to carrier ops,P2 - High,Prevents 1 EDD miss / possible RTO,AI_PREDICTED
ACT-00211,EDD Risk Agent,AWB3350253098,High EDD-miss risk (70.1%),Proactive customer outreach + prioritize reattempt slot within 24h; flag to carrier ops,P2 - High,Prevents 1 EDD miss / possible RTO,AI_PREDICTED
ACT-00212,EDD Risk Agent,AWB2467911406,High EDD-miss risk (71.7%),Proactive customer outreach + prioritize reattempt slot within 24h; flag to carrier ops,P2 - High,Prevents 1 EDD miss / possible RTO,AI_PREDICTED
ACT-00213,EDD Risk Agent,AWB0573455820,High EDD-miss risk (61.5%),Route to NDR Recovery Agent — customer contact for reattempt,P2 - High,Prevents 1 EDD miss / possible RTO,AI_PREDICTED
ACT-00214,EDD Risk Agent,AWB9201484974,High EDD-miss risk (71.7%),Route to NDR Recovery Agent — customer contact for reattempt,P2 - High,Prevents 1 EDD miss / possible RTO,AI_PREDICTED
ACT-00215,EDD Risk Agent,AWB2750312338,High EDD-miss risk (60.3%),Proactive customer outreach + prioritize reattempt slot within 24h; flag to carrier ops,P2 - High,Prevents 1 EDD miss / possible RTO,AI_PREDICTED
ACT-00216,EDD Risk Agent,AWB8884540979,High EDD-miss risk (60.6%),Proactive customer outreach + prioritize reattempt slot within 24h; flag to carrier ops,P2 - High,Prevents 1 EDD miss / possible RTO,AI_PREDICTED
ACT-00217,EDD Risk Agent,AWB4656798674,High EDD-miss risk (62.0%),Proactive customer outreach + prioritize reattempt slot within 24h; flag to carrier ops,P2 - High,Prevents 1 EDD miss / possible RTO,AI_PREDICTED
ACT-00218,EDD Risk Agent,AWB5823018524,High EDD-miss risk (64.1%),Route to NDR Recovery Agent — customer contact for reattempt,P2 - High,Prevents 1 EDD miss / possible RTO,AI_PREDICTED
ACT-00219,EDD Risk Agent,AWB0515568904,High EDD-miss risk (61.4%),Route to NDR Recovery Agent — customer contact for reattempt,P2 - High,Prevents 1 EDD miss / possible RTO,AI_PREDICTED
ACT-00220,EDD Risk Agent,AWB7955148734,High EDD-miss risk (64.6%),Proactive customer outreach + prioritize reattempt slot within 24h; flag to carrier ops,P2 - High,Prevents 1 EDD miss / possible RTO,AI_PREDICTED
ACT-00221,EDD Risk Agent,AWB5894429778,High EDD-miss risk (61.6%),Proactive customer outreach + prioritize reattempt slot within 24h; flag to carrier ops,P2 - High,Prevents 1 EDD miss / possible RTO,AI_PREDICTED
ACT-00222,EDD Risk Agent,AWB1121906502,High EDD-miss risk (73.2%),Proactive customer outreach + prioritize reattempt slot within 24h; flag to carrier ops,P2 - High,Prevents 1 EDD miss / possible RTO,AI_PREDICTED
ACT-00223,EDD Risk Agent,AWB4796329640,High EDD-miss risk (60.0%),Proactive customer outreach + prioritize reattempt slot within 24h; flag to carrier ops,P2 - High,Prevents 1 EDD miss / possible RTO,AI_PREDICTED
ACT-00224,EDD Risk Agent,AWB1464789862,High EDD-miss risk (66.4%),Proactive customer outreach + prioritize reattempt slot within 24h; flag to carrier ops,P2 - High,Prevents 1 EDD miss / possible RTO,AI_PREDICTED
ACT-00225,EDD Risk Agent,AWB0552317185,High EDD-miss risk (61.5%),Route to NDR Recovery Agent — customer contact for reattempt,P2 - High,Prevents 1 EDD miss / possible RTO,AI_PREDICTED
ACT-00226,EDD Risk Agent,AWB5956236445,High EDD-miss risk (62.4%),Route to NDR Recovery Agent — customer contact for reattempt,P2 - High,Prevents 1 EDD miss / possible RTO,AI_PREDICTED
ACT-00227,EDD Risk Agent,AWB6865065799,High EDD-miss risk (63.0%),Proactive customer outreach + prioritize reattempt slot within 24h; flag to carrier ops,P2 - High,Prevents 1 EDD miss / possible RTO,AI_PREDICTED
ACT-00228,EDD Risk Agent,AWB9614846756,High EDD-miss risk (63.5%),Proactive customer outreach + prioritize reattempt slot within 24h; flag to carrier ops,P2 - High,Prevents 1 EDD miss / possible RTO,AI_PREDICTED
ACT-00229,EDD Risk Agent,AWB4542489435,High EDD-miss risk (60.0%),Proactive customer outreach + prioritize reattempt slot within 24h; flag to carrier ops,P2 - High,Prevents 1 EDD miss / possible RTO,AI_PREDICTED
ACT-00230,EDD Breach Alert Agent,AWB3804100004,"Medium risk, EDD in 1d",Send proactive delivery-reminder notification; monitor next scan (push notification + care-team update queued),P2 - High,Proactive customer contact before EDD miss becomes a complaint/RTO,AI_PREDICTED (risk score) + MOCK (message content)
ACT-00231,EDD Breach Alert Agent,AWB6121121783,"Medium risk, EDD in 1d",Send proactive delivery-reminder notification; monitor next scan (push notification + care-team update queued),P2 - High,Proactive customer contact before EDD miss becomes a complaint/RTO,AI_PREDICTED (risk score) + MOCK (message content)
ACT-00232,EDD Breach Alert Agent,AWB2047809300,"Medium risk, EDD in 1d",Send proactive delivery-reminder notification; monitor next scan (push notification + care-team update queued),P2 - High,Proactive customer contact before EDD miss becomes a complaint/RTO,AI_PREDICTED (risk score) + MOCK (message content)
ACT-00233,EDD Breach Alert Agent,AWB5809317133,"Medium risk, EDD in 1d",Send proactive delivery-reminder notification; monitor next scan (push notification + care-team update queued),P2 - High,Proactive customer contact before EDD miss becomes a complaint/RTO,AI_PREDICTED (risk score) + MOCK (message content)
ACT-00234,EDD Breach Alert Agent,AWB4489000329,"Medium risk, EDD in 1d",Send proactive delivery-reminder notification; monitor next scan (push notification + care-team update queued),P2 - High,Proactive customer contact before EDD miss becomes a complaint/RTO,AI_PREDICTED (risk score) + MOCK (message content)
ACT-00235,EDD Breach Alert Agent,AWB7191825644,"Medium risk, EDD in 1d",Send proactive delivery-reminder notification; monitor next scan (push notification + care-team update queued),P2 - High,Proactive customer contact before EDD miss becomes a complaint/RTO,AI_PREDICTED (risk score) + MOCK (message content)
ACT-00236,EDD Breach Alert Agent,AWB6250435166,"Medium risk, EDD in 1d",Send proactive delivery-reminder notification; monitor next scan (push notification + care-team update queued),P2 - High,Proactive customer contact before EDD miss becomes a complaint/RTO,AI_PREDICTED (risk score) + MOCK (message content)
ACT-00237,EDD Breach Alert Agent,AWB7734251434,"Medium risk, EDD in 1d",Send proactive delivery-reminder notification; monitor next scan (push notification + care-team update queued),P2 - High,Proactive customer contact before EDD miss becomes a complaint/RTO,AI_PREDICTED (risk score) + MOCK (message content)
ACT-00238,NDR Recovery Agent,AWB6335221883,Active NDR: Address issue,Request updated address / landmark from customer,P2 - High,Reattempt success probability 48%,"AI_PREDICTED (reason-level fallback, n=134)"
ACT-00239,NDR Recovery Agent,AWB9023672846,Active NDR: Landmark missing,Send landmark-capture link; call customer for directions,P2 - High,Reattempt success probability 48%,"AI_PREDICTED (reason-level fallback, n=128)"
ACT-00240,EDD Risk Agent,AWB9032474474,High EDD-miss risk (62.6%),Proactive customer outreach + prioritize reattempt slot within 24h; flag to carrier ops,P2 - High,Prevents 1 EDD miss / possible RTO,AI_PREDICTED
ACT-00241,EDD Risk Agent,AWB4149653480,High EDD-miss risk (60.6%),Proactive customer outreach + prioritize reattempt slot within 24h; flag to carrier ops,P2 - High,Prevents 1 EDD miss / possible RTO,AI_PREDICTED
ACT-00242,EDD Risk Agent,AWB4822977678,High EDD-miss risk (67.7%),Proactive customer outreach + prioritize reattempt slot within 24h; flag to carrier ops,P2 - High,Prevents 1 EDD miss / possible RTO,AI_PREDICTED
ACT-00243,EDD Risk Agent,AWB3942140167,High EDD-miss risk (66.1%),Proactive customer outreach + prioritize reattempt slot within 24h; flag to carrier ops,P2 - High,Prevents 1 EDD miss / possible RTO,AI_PREDICTED
ACT-00244,EDD Risk Agent,AWB0100127512,High EDD-miss risk (63.3%),Proactive customer outreach + prioritize reattempt slot within 24h; flag to carrier ops,P2 - High,Prevents 1 EDD miss / possible RTO,AI_PREDICTED
ACT-00245,EDD Risk Agent,AWB3590856101,High EDD-miss risk (62.9%),Proactive customer outreach + prioritize reattempt slot within 24h; flag to carrier ops,P2 - High,Prevents 1 EDD miss / possible RTO,AI_PREDICTED
ACT-00246,EDD Risk Agent,AWB1878965369,High EDD-miss risk (65.6%),Proactive customer outreach + prioritize reattempt slot within 24h; flag to carrier ops,P2 - High,Prevents 1 EDD miss / possible RTO,AI_PREDICTED
ACT-00247,NDR Recovery Agent,AWB5620194123,Active NDR: Landmark missing,Send landmark-capture link; call customer for directions,P2 - High,Reattempt success probability 48%,"AI_PREDICTED (reason-level fallback, n=128)"
ACT-00248,EDD Risk Agent,AWB4977372926,High EDD-miss risk (61.2%),Proactive customer outreach + prioritize reattempt slot within 24h; flag to carrier ops,P2 - High,Prevents 1 EDD miss / possible RTO,AI_PREDICTED
ACT-00249,EDD Risk Agent,AWB4009048302,High EDD-miss risk (62.3%),Proactive customer outreach + prioritize reattempt slot within 24h; flag to carrier ops,P2 - High,Prevents 1 EDD miss / possible RTO,AI_PREDICTED
ACT-00250,EDD Risk Agent,AWB8707769816,High EDD-miss risk (61.1%),Proactive customer outreach + prioritize reattempt slot within 24h; flag to carrier ops,P2 - High,Prevents 1 EDD miss / possible RTO,AI_PREDICTED
ACT-00251,EDD Risk Agent,AWB1025590603,High EDD-miss risk (72.5%),Proactive customer outreach + prioritize reattempt slot within 24h; flag to carrier ops,P2 - High,Prevents 1 EDD miss / possible RTO,AI_PREDICTED
ACT-00252,EDD Risk Agent,AWB3924001288,High EDD-miss risk (60.3%),Route to NDR Recovery Agent — customer contact for reattempt,P2 - High,Prevents 1 EDD miss / possible RTO,AI_PREDICTED
ACT-00253,EDD Risk Agent,AWB8407027823,High EDD-miss risk (60.8%),Proactive customer outreach + prioritize reattempt slot within 24h; flag to carrier ops,P2 - High,Prevents 1 EDD miss / possible RTO,AI_PREDICTED
ACT-00254,NDR Recovery Agent,AWB7061030440,Active NDR: Landmark missing,Send landmark-capture link; call customer for directions,P2 - High,Reattempt success probability 48%,"AI_PREDICTED (reason-level fallback, n=128)"
ACT-00255,NDR Recovery Agent,AWB1618803466,Active NDR: Landmark missing,Send landmark-capture link; call customer for directions,P2 - High,Reattempt success probability 48%,"AI_PREDICTED (reason-level fallback, n=128)"
ACT-00256,NDR Recovery Agent,AWB2393568624,Active NDR: Landmark missing,Send landmark-capture link; call customer for directions,P2 - High,Reattempt success probability 48%,"AI_PREDICTED (reason-level fallback, n=128)"
ACT-00257,NDR Recovery Agent,AWB0552317185,Active NDR: Landmark missing,Send landmark-capture link; call customer for directions,P2 - High,Reattempt success probability 48%,"AI_PREDICTED (reason-level fallback, n=128)"
ACT-00258,EDD Risk Agent,AWB9330356187,High EDD-miss risk (63.2%),Proactive customer outreach + prioritize reattempt slot within 24h; flag to carrier ops,P2 - High,Prevents 1 EDD miss / possible RTO,AI_PREDICTED
ACT-00259,EDD Risk Agent,AWB8947942914,High EDD-miss risk (61.8%),Proactive customer outreach + prioritize reattempt slot within 24h; flag to carrier ops,P2 - High,Prevents 1 EDD miss / possible RTO,AI_PREDICTED
ACT-00260,NDR Recovery Agent,AWB8773575756,Active NDR: Address issue,Request updated address / landmark from customer,P2 - High,Reattempt success probability 48%,"AI_PREDICTED (reason-level fallback, n=134)"
ACT-00261,NDR Recovery Agent,AWB4958670026,Active NDR: Address issue,Request updated address / landmark from customer,P2 - High,Reattempt success probability 48%,"AI_PREDICTED (reason-level fallback, n=134)"
ACT-00262,NDR Recovery Agent,AWB7141863622,Active NDR: Landmark missing,Send landmark-capture link; call customer for directions,P2 - High,Reattempt success probability 48%,"AI_PREDICTED (reason-level fallback, n=128)"
ACT-00263,Lane Intelligence Agent,South Delhi (National),Lane health 70.4 — Deteriorating,Investigate hub + carrier allocation; prioritize NDR outreach for COD,P2 - High,21 shipments/period at risk,DERIVED (statistical lane scorecard)
ACT-00264,NDR Recovery Agent,AWB1705795524,Active NDR: Address issue,Request updated address / landmark from customer,P2 - High,Reattempt success probability 48%,"AI_PREDICTED (reason-level fallback, n=134)"
ACT-00265,NDR Recovery Agent,AWB0515568904,Active NDR: Address issue,Request updated address / landmark from customer,P2 - High,Reattempt success probability 48%,"AI_PREDICTED (reason-level fallback, n=134)"
ACT-00266,Carrier Optimization Agent,Regional,Sustained carrier underperformance on lane,Shift ~39 shipments/period from Carrier D to Carrier A,P2 - High,+2.55pp lane EDD adherence,"High (z=1.992, p=0.0464)"
ACT-00267,NDR Recovery Agent,AWB5823018524,Active NDR: Address issue,Request updated address / landmark from customer,P2 - High,Reattempt success probability 48%,"AI_PREDICTED (reason-level fallback, n=134)"
ACT-00268,Lane Padding Agent,Pune (Metro),P90 transit 5.0d vs 2d SLA — gap is transit-time driven,Add 3 day(s) of EDD padding (new SLA 5d),P3 - Standard,+43.1pp on this lane (SIMULATED backtest),SIMULATED
ACT-00269,Lane Padding Agent,Hyderabad (Metro),P90 transit 5.5d vs 2d SLA — gap is transit-time driven,Add 4 day(s) of EDD padding (new SLA 6d),P3 - Standard,+37.5pp on this lane (SIMULATED backtest),SIMULATED
ACT-00270,Lane Padding Agent,Bangalore (Metro),P90 transit 6.0d vs 2d SLA — gap is transit-time driven,Add 4 day(s) of EDD padding (new SLA 6d),P3 - Standard,+53.4pp on this lane (SIMULATED backtest),SIMULATED
ACT-00271,Lane Padding Agent,Gautam Buddha Nagar (Metro),P90 transit 5.0d vs 2d SLA — gap is transit-time driven,Add 3 day(s) of EDD padding (new SLA 5d),P3 - Standard,+46.0pp on this lane (SIMULATED backtest),SIMULATED
ACT-00272,Lane Padding Agent,Mumbai (Local),P90 transit 5.0d vs 1d SLA — gap is transit-time driven,Add 4 day(s) of EDD padding (new SLA 5d),P3 - Standard,+62.6pp on this lane (SIMULATED backtest),SIMULATED
ACT-00273,Lane Padding Agent,Gurgaon (Metro),P90 transit 5.0d vs 2d SLA — gap is transit-time driven,Add 3 day(s) of EDD padding (new SLA 5d),P3 - Standard,+54.0pp on this lane (SIMULATED backtest),SIMULATED
